/*LS_Ready4Stage_Belelgung_Raum_1*/
CREATE TABLE LS_Ready4Stage_Belelgung_Raum_1(
   Raum_1     VARCHAR(5) NOT NULL PRIMARY KEY
  ,Montag     VARCHAR(22)
  ,Dienstag   VARCHAR(24)
  ,Mittwoch   VARCHAR(30)
  ,Donnerstag VARCHAR(30)
  ,Freitag    VARCHAR(30)
);

INSERT INTO LS_Ready4Stage_Belelgung_Raum_1(Raum_1,Montag,Dienstag,Mittwoch,Donnerstag,Freitag) VALUES ('10:00','Fidel, Anja, Gesang',NULL,NULL,NULL,NULL);
INSERT INTO LS_Ready4Stage_Belelgung_Raum_1(Raum_1,Montag,Dienstag,Mittwoch,Donnerstag,Freitag) VALUES ('10:30','Fidel, Anke, Gesang',NULL,NULL,NULL,NULL);
INSERT INTO LS_Ready4Stage_Belelgung_Raum_1(Raum_1,Montag,Dienstag,Mittwoch,Donnerstag,Freitag) VALUES ('11:00',NULL,NULL,NULL,NULL,NULL);
INSERT INTO LS_Ready4Stage_Belelgung_Raum_1(Raum_1,Montag,Dienstag,Mittwoch,Donnerstag,Freitag) VALUES ('11:30','Fidel, Marlene, Gesang',NULL,NULL,NULL,NULL);
INSERT INTO LS_Ready4Stage_Belelgung_Raum_1(Raum_1,Montag,Dienstag,Mittwoch,Donnerstag,Freitag) VALUES ('12:00',NULL,NULL,NULL,NULL,NULL);
INSERT INTO LS_Ready4Stage_Belelgung_Raum_1(Raum_1,Montag,Dienstag,Mittwoch,Donnerstag,Freitag) VALUES ('12:30',NULL,NULL,NULL,NULL,NULL);
INSERT INTO LS_Ready4Stage_Belelgung_Raum_1(Raum_1,Montag,Dienstag,Mittwoch,Donnerstag,Freitag) VALUES ('13:00','Fidel, Susanne, Gesang','Fidel, Charlotte, Gesang',NULL,NULL,NULL);
INSERT INTO LS_Ready4Stage_Belelgung_Raum_1(Raum_1,Montag,Dienstag,Mittwoch,Donnerstag,Freitag) VALUES ('13:30',NULL,NULL,NULL,NULL,NULL);
INSERT INTO LS_Ready4Stage_Belelgung_Raum_1(Raum_1,Montag,Dienstag,Mittwoch,Donnerstag,Freitag) VALUES ('14:00','Lea, Klarinette, Maike',NULL,NULL,NULL,NULL);
INSERT INTO LS_Ready4Stage_Belelgung_Raum_1(Raum_1,Montag,Dienstag,Mittwoch,Donnerstag,Freitag) VALUES ('14:30',NULL,NULL,NULL,NULL,NULL);
INSERT INTO LS_Ready4Stage_Belelgung_Raum_1(Raum_1,Montag,Dienstag,Mittwoch,Donnerstag,Freitag) VALUES ('15:00',NULL,NULL,NULL,NULL,NULL);
INSERT INTO LS_Ready4Stage_Belelgung_Raum_1(Raum_1,Montag,Dienstag,Mittwoch,Donnerstag,Freitag) VALUES ('15:30',NULL,NULL,NULL,NULL,NULL);
INSERT INTO LS_Ready4Stage_Belelgung_Raum_1(Raum_1,Montag,Dienstag,Mittwoch,Donnerstag,Freitag) VALUES ('16:00','Fidel, Anja.H, Gesang',NULL,NULL,NULL,NULL);
INSERT INTO LS_Ready4Stage_Belelgung_Raum_1(Raum_1,Montag,Dienstag,Mittwoch,Donnerstag,Freitag) VALUES ('16:30',NULL,NULL,NULL,NULL,NULL);
INSERT INTO LS_Ready4Stage_Belelgung_Raum_1(Raum_1,Montag,Dienstag,Mittwoch,Donnerstag,Freitag) VALUES ('17:00',NULL,NULL,NULL,NULL,NULL);
INSERT INTO LS_Ready4Stage_Belelgung_Raum_1(Raum_1,Montag,Dienstag,Mittwoch,Donnerstag,Freitag) VALUES ('17:30',NULL,NULL,NULL,NULL,NULL);
INSERT INTO LS_Ready4Stage_Belelgung_Raum_1(Raum_1,Montag,Dienstag,Mittwoch,Donnerstag,Freitag) VALUES ('18:00',NULL,NULL,NULL,NULL,NULL);
INSERT INTO LS_Ready4Stage_Belelgung_Raum_1(Raum_1,Montag,Dienstag,Mittwoch,Donnerstag,Freitag) VALUES ('18:30',NULL,NULL,NULL,NULL,NULL);
INSERT INTO LS_Ready4Stage_Belelgung_Raum_1(Raum_1,Montag,Dienstag,Mittwoch,Donnerstag,Freitag) VALUES ('19:00',NULL,NULL,NULL,NULL,NULL);
INSERT INTO LS_Ready4Stage_Belelgung_Raum_1(Raum_1,Montag,Dienstag,Mittwoch,Donnerstag,Freitag) VALUES ('19:30',NULL,NULL,NULL,NULL,NULL);
INSERT INTO LS_Ready4Stage_Belelgung_Raum_1(Raum_1,Montag,Dienstag,Mittwoch,Donnerstag,Freitag) VALUES ('20:00',NULL,NULL,NULL,NULL,NULL);
INSERT INTO LS_Ready4Stage_Belelgung_Raum_1(Raum_1,Montag,Dienstag,Mittwoch,Donnerstag,Freitag) VALUES ('20:30',NULL,NULL,NULL,NULL,NULL);
INSERT INTO LS_Ready4Stage_Belelgung_Raum_1(Raum_1,Montag,Dienstag,Mittwoch,Donnerstag,Freitag) VALUES ('21:00',NULL,NULL,NULL,NULL,NULL);

/*LS_Ready4Stage_Belelgung_Raum_2*/
CREATE TABLE LS_Ready4Stage_Belelgung_Raum_2(
   Raum_2     VARCHAR(5) NOT NULL PRIMARY KEY
  ,Montag     VARCHAR(22)
  ,Dienstag   VARCHAR(24)
  ,Mittwoch   VARCHAR(23)
  ,Donnerstag VARCHAR(30)
  ,Freitag    VARCHAR(30)
);

INSERT INTO LS_Ready4Stage_Belelgung_Raum_2(Raum_2,Montag,Dienstag,Mittwoch,Donnerstag,Freitag,FIELD7) VALUES ('10:00','Fidel, Anja, Gesang',NULL,NULL,NULL,NULL);
INSERT INTO LS_Ready4Stage_Belelgung_Raum_2(Raum_2,Montag,Dienstag,Mittwoch,Donnerstag,Freitag,FIELD7) VALUES ('10:30','Fidel, Anke, Gesang',NULL,NULL,NULL,NULL);
INSERT INTO LS_Ready4Stage_Belelgung_Raum_2(Raum_2,Montag,Dienstag,Mittwoch,Donnerstag,Freitag,FIELD7) VALUES ('11:00',NULL,NULL,NULL,NULL,NULL);
INSERT INTO LS_Ready4Stage_Belelgung_Raum_2(Raum_2,Montag,Dienstag,Mittwoch,Donnerstag,Freitag,FIELD7) VALUES ('11:30','Fidel, Marlene, Gesang','Oliver, Lukas, Gitarre','Oliver, Ukulele, Andrea',NULL,NULL);
INSERT INTO LS_Ready4Stage_Belelgung_Raum_2(Raum_2,Montag,Dienstag,Mittwoch,Donnerstag,Freitag,FIELD7) VALUES ('12:00',NULL,'Oliver, Hannah, Gitarre',NULL,NULL,NULL);
INSERT INTO LS_Ready4Stage_Belelgung_Raum_2(Raum_2,Montag,Dienstag,Mittwoch,Donnerstag,Freitag,FIELD7) VALUES ('12:30',NULL,NULL,NULL,NULL,NULL,NULL);
INSERT INTO LS_Ready4Stage_Belelgung_Raum_2(Raum_2,Montag,Dienstag,Mittwoch,Donnerstag,Freitag,FIELD7) VALUES ('13:00','Fidel, Susanne, Gesang','Fidel, Charlotte, Gesang',NULL,NULL,NULL);
INSERT INTO LS_Ready4Stage_Belelgung_Raum_2(Raum_2,Montag,Dienstag,Mittwoch,Donnerstag,Freitag,FIELD7) VALUES ('13:30',NULL,NULL,NULL,NULL,NULL);
INSERT INTO LS_Ready4Stage_Belelgung_Raum_2(Raum_2,Montag,Dienstag,Mittwoch,Donnerstag,Freitag,FIELD7) VALUES ('14:00','Lea, Klarinette, Maike',NULL,NULL,NULL,NULL);
INSERT INTO LS_Ready4Stage_Belelgung_Raum_2(Raum_2,Montag,Dienstag,Mittwoch,Donnerstag,Freitag,FIELD7) VALUES ('14:30',NULL,NULL,NULL,NULL,NULL);
INSERT INTO LS_Ready4Stage_Belelgung_Raum_2(Raum_2,Montag,Dienstag,Mittwoch,Donnerstag,Freitag,FIELD7) VALUES ('15:00',NULL,NULL,NULL,NULL,NULL);
INSERT INTO LS_Ready4Stage_Belelgung_Raum_2(Raum_2,Montag,Dienstag,Mittwoch,Donnerstag,Freitag,FIELD7) VALUES ('15:30',NULL,NULL,NULL,NULL,NULL);
INSERT INTO LS_Ready4Stage_Belelgung_Raum_2(Raum_2,Montag,Dienstag,Mittwoch,Donnerstag,Freitag,FIELD7) VALUES ('16:00','Fidel, Anja.H, Gesang',NULL,NULL,NULL,NULL);
INSERT INTO LS_Ready4Stage_Belelgung_Raum_2(Raum_2,Montag,Dienstag,Mittwoch,Donnerstag,Freitag,FIELD7) VALUES ('16:30',NULL,NULL,NULL,NULL,NULL);
INSERT INTO LS_Ready4Stage_Belelgung_Raum_2(Raum_2,Montag,Dienstag,Mittwoch,Donnerstag,Freitag,FIELD7) VALUES ('17:00',NULL,NULL,NULL,NULL,NULL);
INSERT INTO LS_Ready4Stage_Belelgung_Raum_2(Raum_2,Montag,Dienstag,Mittwoch,Donnerstag,Freitag,FIELD7) VALUES ('17:30',NULL,NULL,NULL,NULL,NULL);
INSERT INTO LS_Ready4Stage_Belelgung_Raum_2(Raum_2,Montag,Dienstag,Mittwoch,Donnerstag,Freitag,FIELD7) VALUES ('18:00',NULL,NULL,NULL,NULL,NULL);
INSERT INTO LS_Ready4Stage_Belelgung_Raum_2(Raum_2,Montag,Dienstag,Mittwoch,Donnerstag,Freitag,FIELD7) VALUES ('18:30',NULL,NULL,NULL,NULL,NULL);
INSERT INTO LS_Ready4Stage_Belelgung_Raum_2(Raum_2,Montag,Dienstag,Mittwoch,Donnerstag,Freitag,FIELD7) VALUES ('19:00',NULL,NULL,NULL,NULL,NULL);
INSERT INTO LS_Ready4Stage_Belelgung_Raum_2(Raum_2,Montag,Dienstag,Mittwoch,Donnerstag,Freitag,FIELD7) VALUES ('19:30',NULL,NULL,NULL,NULL,NULL);
INSERT INTO LS_Ready4Stage_Belelgung_Raum_2(Raum_2,Montag,Dienstag,Mittwoch,Donnerstag,Freitag,FIELD7) VALUES ('20:00',NULL,NULL,NULL,NULL,NULL);
INSERT INTO LS_Ready4Stage_Belelgung_Raum_2(Raum_2,Montag,Dienstag,Mittwoch,Donnerstag,Freitag,FIELD7) VALUES ('20:30',NULL,NULL,NULL,NULL,NULL);
INSERT INTO LS_Ready4Stage_Belelgung_Raum_2(Raum_2,Montag,Dienstag,Mittwoch,Donnerstag,Freitag,FIELD7) VALUES ('21:00',NULL,NULL,NULL,NULL,NULL);

/*LS_Ready4Stage_Dozent*/
CREATE TABLE Dozenten(
   Namen               VARCHAR(6) NOT NULL PRIMARY KEY
  ,Gesang              VARCHAR(2)
  ,Gitarre             VARCHAR(2)
  ,Klavier             VARCHAR(2)
  ,Keyboard            VARCHAR(2)
  ,Bass                VARCHAR(2)
  ,Geigen              VARCHAR(2)
  ,Trompete            VARCHAR(2)
  ,Saxophone           VARCHAR(2)
  ,Querflöte           VARCHAR(2)
  ,Klarinette          VARCHAR(2)
  ,Ukulele             VARCHAR(2)
  ,Band                VARCHAR(2)
  ,Schlagzeug          VARCHAR(2)
  ,Stundensatz_in_EURO INTEGER  NOT NULL
  ,Bankverbindung      VARCHAR(30)
);

INSERT INTO Dozenten(Namen,Gesang,Gitarre,Klavier,Keyboard,Bass,Geigen,Trompete,Saxophone,Querflöte,Klarinette,Ukulele,Band,Schlagzeug,Stundensatz_in_EURO,Bankverbindung) VALUES ('Oliver',NULL,'ok',NULL,NULL,'ok',NULL,NULL,NULL,NULL,NULL,'ok','ok',NULL,NULL,30,NULL);
INSERT INTO Dozenten(Namen,Gesang,Gitarre,Klavier,Keyboard,Bass,Geigen,Trompete,Saxophone,Querflöte,Klarinette,Ukulele,Band,Schlagzeug,Stundensatz_in_EURO,Bankverbindung) VALUES ('Lea',NULL,NULL,NULL,NULL,NULL,NULL,NULL,NULL,'OK','OK',NULL,NULL,NULL,NULL,27,NULL);
INSERT INTO Dozenten(Namen,Gesang,Gitarre,Klavier,Keyboard,Bass,Geigen,Trompete,Saxophone,Querflöte,Klarinette,Ukulele,Band,Schlagzeug,Stundensatz_in_EURO,Bankverbindung) VALUES ('Steve','ok',NULL,NULL,NULL,NULL,NULL,NULL,NULL,NULL,NULL,NULL,NULL,NULL,NULL,18,NULL);
INSERT INTO Dozenten(Namen,Gesang,Gitarre,Klavier,Keyboard,Bass,Geigen,Trompete,Saxophone,Querflöte,Klarinette,Ukulele,Band,Schlagzeug,Stundensatz_in_EURO,Bankverbindung) VALUES ('Fidel','OK',NULL,'OK','OK',NULL,NULL,NULL,NULL,NULL,NULL,NULL,'ok',NULL,NULL,50,NULL);
INSERT INTO Dozenten(Namen,Gesang,Gitarre,Klavier,Keyboard,Bass,Geigen,Trompete,Saxophone,Querflöte,Klarinette,Ukulele,Band,Schlagzeug,Stundensatz_in_EURO,Bankverbindung) VALUES ('Steffi','ok',NULL,NULL,NULL,NULL,NULL,NULL,NULL,NULL,NULL,NULL,NULL,NULL,NULL,30,NULL);
INSERT INTO Dozenten(Namen,Gesang,Gitarre,Klavier,Keyboard,Bass,Geigen,Trompete,Saxophone,Querflöte,Klarinette,Ukulele,Band,Schlagzeug,Stundensatz_in_EURO,Bankverbindung) VALUES ('Lukas',NULL,NULL,NULL,NULL,NULL,NULL,NULL,NULL,NULL,NULL,NULL,NULL,'ok',NULL,25,NULL);
INSERT INTO Dozenten(Namen,Gesang,Gitarre,Klavier,Keyboard,Bass,Geigen,Trompete,Saxophone,Querflöte,Klarinette,Ukulele,Band,Schlagzeug,Stundensatz_in_EURO,Bankverbindung) VALUES ('Dirk',NULL,'ok',NULL,NULL,'ok',NULL,NULL,NULL,NULL,NULL,NULL,NULL,NULL,NULL,25,NULL);
INSERT INTO Dozenten(Namen,Gesang,Gitarre,Klavier,Keyboard,Bass,Geigen,Trompete,Saxophone,Querflöte,Klarinette,Ukulele,Band,Schlagzeug,Stundensatz_in_EURO,Bankverbindung) VALUES ('Gunnar',NULL,NULL,NULL,NULL,NULL,NULL,NULL,'ok',NULL,NULL,NULL,NULL,NULL,NULL,30,NULL);
INSERT INTO Dozenten(Namen,Gesang,Gitarre,Klavier,Keyboard,Bass,Geigen,Trompete,Saxophone,Querflöte,Klarinette,Ukulele,Band,Schlagzeug,Stundensatz_in_EURO,Bankverbindung) VALUES ('Mara',NULL,NULL,'ok',NULL,NULL,NULL,NULL,NULL,NULL,NULL,NULL,NULL,NULL,NULL,25,NULL);
INSERT INTO Dozenten(Namen,Gesang,Gitarre,Klavier,Keyboard,Bass,Geigen,Trompete,Saxophone,Querflöte,Klarinette,Ukulele,Band,Schlagzeug,Stundensatz_in_EURO,Bankverbindung) VALUES ('Marc',NULL,NULL,NULL,NULL,NULL,NULL,NULL,'ok',NULL,NULL,NULL,NULL,NULL,NULL,28,NULL);
INSERT INTO Dozenten(Namen,Gesang,Gitarre,Klavier,Keyboard,Bass,Geigen,Trompete,Saxophone,Querflöte,Klarinette,Ukulele,Band,Schlagzeug,Stundensatz_in_EURO,Bankverbindung) VALUES ('Max',NULL,NULL,NULL,NULL,NULL,'ok',NULL,NULL,NULL,NULL,NULL,NULL,NULL,NULL,35,NULL);
INSERT INTO Dozenten(Namen,Gesang,Gitarre,Klavier,Keyboard,Bass,Geigen,Trompete,Saxophone,Querflöte,Klarinette,Ukulele,Band,Schlagzeug,Stundensatz_in_EURO,Bankverbindung) VALUES ('Maren',NULL,NULL,NULL,NULL,NULL,'ok',NULL,NULL,NULL,NULL,NULL,NULL,NULL,NULL,30,NULL);
INSERT INTO Dozenten(Namen,Gesang,Gitarre,Klavier,Keyboard,Bass,Geigen,Trompete,Saxophone,Querflöte,Klarinette,Ukulele,Band,Schlagzeug,Stundensatz_in_EURO,Bankverbindung) VALUES ('Hans',NULL,NULL,NULL,NULL,'ok',NULL,NULL,NULL,NULL,NULL,NULL,NULL,NULL,NULL,27,NULL);
INSERT INTO Dozenten(Namen,Gesang,Gitarre,Klavier,Keyboard,Bass,Geigen,Trompete,Saxophone,Querflöte,Klarinette,Ukulele,Band,Schlagzeug,Stundensatz_in_EURO,Bankverbindung) VALUES ('Ralf',NULL,'ok',NULL,NULL,'ok',NULL,NULL,NULL,NULL,NULL,'ok',NULL,NULL,NULL,30,NULL);
INSERT INTO Dozenten(Namen,Gesang,Gitarre,Klavier,Keyboard,Bass,Geigen,Trompete,Saxophone,Querflöte,Klarinette,Ukulele,Band,Schlagzeug,Stundensatz_in_EURO,Bankverbindung) VALUES ('Guido',NULL,NULL,NULL,NULL,NULL,NULL,'ok',NULL,NULL,NULL,NULL,NULL,NULL,NULL,35,NULL);
INSERT INTO Dozenten(Namen,Gesang,Gitarre,Klavier,Keyboard,Bass,Geigen,Trompete,Saxophone,Querflöte,Klarinette,Ukulele,Band,Schlagzeug,Stundensatz_in_EURO,Bankverbindung) VALUES ('Bärbel',NULL,NULL,'ok','ok',NULL,NULL,NULL,NULL,NULL,NULL,NULL,NULL,NULL,NULL,30,NULL);
INSERT INTO Dozenten(Namen,Gesang,Gitarre,Klavier,Keyboard,Bass,Geigen,Trompete,Saxophone,Querflöte,Klarinette,Ukulele,Band,Schlagzeug,Stundensatz_in_EURO,Bankverbindung) VALUES ('Harald',NULL,NULL,NULL,NULL,NULL,NULL,NULL,NULL,'ok','ok',NULL,NULL,NULL,NULL,35,NULL);
INSERT INTO Dozenten(Namen,Gesang,Gitarre,Klavier,Keyboard,Bass,Geigen,Trompete,Saxophone,Querflöte,Klarinette,Ukulele,Band,Schlagzeug,Stundensatz_in_EURO,Bankverbindung) VALUES ('Julius',NULL,NULL,NULL,NULL,NULL,NULL,'ok',NULL,NULL,NULL,NULL,NULL,NULL,NULL,30,NULL);
INSERT INTO Dozenten(Namen,Gesang,Gitarre,Klavier,Keyboard,Bass,Geigen,Trompete,Saxophone,Querflöte,Klarinette,Ukulele,Band,Schlagzeug,Stundensatz_in_EURO,Bankverbindung) VALUES ('Eva','OK',NULL,'OK',NULL,NULL,NULL,NULL,NULL,NULL,NULL,NULL,NULL,NULL,NULL,28,NULL);

/*LS_Ready4Stage_Raumplan*/
CREATE TABLE Raumplan(
   Raum_Nr    VARCHAR(7) NOT NULL PRIMARY KEY
  ,Gesang     VARCHAR(2)
  ,Gitarre    VARCHAR(2)
  ,Klavier    VARCHAR(2)
  ,Keyboard   VARCHAR(2)
  ,Bass       VARCHAR(2)
  ,Geigen     VARCHAR(2)
  ,Trompete   VARCHAR(2)
  ,Saxophone  VARCHAR(2)
  ,Querflöte  VARCHAR(2)
  ,Klarinette VARCHAR(2)
  ,Ukulele    VARCHAR(2)
  ,Band       VARCHAR(2)
  ,Schlagzeug VARCHAR(2)
);

INSERT INTO Raumplan(Raum_Nr,Gesang,Gitarre,Klavier,Keyboard,Bass,Geigen,Trompete,Saxophone,Querflöte,Klarinette,Ukulele,Band,Schlagzeug) VALUES ('Raum 1','OK','OK',NULL,NULL,'OK','OK','OK','OK','OK','OK','OK',NULL,NULL);
INSERT INTO Raumplan(Raum_Nr,Gesang,Gitarre,Klavier,Keyboard,Bass,Geigen,Trompete,Saxophone,Querflöte,Klarinette,Ukulele,Band,Schlagzeug) VALUES ('Raum 2','OK','OK',NULL,NULL,'OK','OK','OK','OK','OK','OK','OK',NULL,'OK');
INSERT INTO Raumplan(Raum_Nr,Gesang,Gitarre,Klavier,Keyboard,Bass,Geigen,Trompete,Saxophone,Querflöte,Klarinette,Ukulele,Band,Schlagzeug) VALUES ('Raum 3','OK','OK',NULL,NULL,'OK','OK','OK','OK','OK','OK','OK',NULL,NULL);
INSERT INTO Raumplan(Raum_Nr,Gesang,Gitarre,Klavier,Keyboard,Bass,Geigen,Trompete,Saxophone,Querflöte,Klarinette,Ukulele,Band,Schlagzeug) VALUES ('Raum 4','OK','OK',NULL,'OK','OK','OK','OK','OK','OK','OK','OK',NULL,NULL);
INSERT INTO Raumplan(Raum_Nr,Gesang,Gitarre,Klavier,Keyboard,Bass,Geigen,Trompete,Saxophone,Querflöte,Klarinette,Ukulele,Band,Schlagzeug) VALUES ('Raum 5','OK','OK',NULL,'OK','OK','OK','OK','OK','OK','OK','OK',NULL,NULL);
INSERT INTO Raumplan(Raum_Nr,Gesang,Gitarre,Klavier,Keyboard,Bass,Geigen,Trompete,Saxophone,Querflöte,Klarinette,Ukulele,Band,Schlagzeug) VALUES ('Raum 6','OK','OK',NULL,NULL,'OK','OK','OK','OK','OK','OK','OK',NULL,NULL);
INSERT INTO Raumplan(Raum_Nr,Gesang,Gitarre,Klavier,Keyboard,Bass,Geigen,Trompete,Saxophone,Querflöte,Klarinette,Ukulele,Band,Schlagzeug) VALUES ('Raum 7','OK','OK',NULL,NULL,'OK','OK','OK','OK','OK','OK','OK',NULL,NULL);
INSERT INTO Raumplan(Raum_Nr,Gesang,Gitarre,Klavier,Keyboard,Bass,Geigen,Trompete,Saxophone,Querflöte,Klarinette,Ukulele,Band,Schlagzeug) VALUES ('Raum 8','OK','OK','OK','OK','OK','OK','OK','OK','OK','OK','OK',NULL,NULL);
INSERT INTO Raumplan(Raum_Nr,Gesang,Gitarre,Klavier,Keyboard,Bass,Geigen,Trompete,Saxophone,Querflöte,Klarinette,Ukulele,Band,Schlagzeug) VALUES ('Raum 9','OK','OK','OK',NULL,'OK','OK','OK','OK','OK','OK','OK',NULL,NULL);
INSERT INTO Raumplan(Raum_Nr,Gesang,Gitarre,Klavier,Keyboard,Bass,Geigen,Trompete,Saxophone,Querflöte,Klarinette,Ukulele,Band,Schlagzeug) VALUES ('Raum 10','OK','OK',NULL,NULL,'OK','OK','OK','OK','OK','OK','OK',NULL,'OK');
INSERT INTO Raumplan(Raum_Nr,Gesang,Gitarre,Klavier,Keyboard,Bass,Geigen,Trompete,Saxophone,Querflöte,Klarinette,Ukulele,Band,Schlagzeug) VALUES ('Raum 11','OK','OK',NULL,NULL,'OK','OK','OK','OK','OK','OK','OK',NULL,NULL);
INSERT INTO Raumplan(Raum_Nr,Gesang,Gitarre,Klavier,Keyboard,Bass,Geigen,Trompete,Saxophone,Querflöte,Klarinette,Ukulele,Band,Schlagzeug) VALUES ('Raum 12','OK','OK',NULL,NULL,'OK','OK','OK','OK','OK','OK','OK',NULL,NULL);
INSERT INTO Raumplan(Raum_Nr,Gesang,Gitarre,Klavier,Keyboard,Bass,Geigen,Trompete,Saxophone,Querflöte,Klarinette,Ukulele,Band,Schlagzeug) VALUES ('Raum 13','OK','OK',NULL,NULL,'OK','OK','OK','OK','OK','OK','OK',NULL,NULL);
INSERT INTO Raumplan(Raum_Nr,Gesang,Gitarre,Klavier,Keyboard,Bass,Geigen,Trompete,Saxophone,Querflöte,Klarinette,Ukulele,Band,Schlagzeug) VALUES ('Raum 14','OK','OK',NULL,NULL,'OK','OK','OK','OK','OK','OK','OK',NULL,NULL);
INSERT INTO Raumplan(Raum_Nr,Gesang,Gitarre,Klavier,Keyboard,Bass,Geigen,Trompete,Saxophone,Querflöte,Klarinette,Ukulele,Band,Schlagzeug) VALUES ('Raum 15','OK','OK','OK','OK','OK','OK','OK','OK','OK','OK','OK','OK',NULL);
INSERT INTO Raumplan(Raum_Nr,Gesang,Gitarre,Klavier,Keyboard,Bass,Geigen,Trompete,Saxophone,Querflöte,Klarinette,Ukulele,Band,Schlagzeug) VALUES ('Studio',NULL,NULL,NULL,NULL,NULL,NULL,NULL,NULL,NULL,NULL,NULL,NULL,NULL);

/*LS_Ready4Stage_Teilnehmer*/
CREATE TABLE Teilnehmer(
   Namen           VARCHAR(10) NOT NULL PRIMARY KEY
  ,Vorname        VARCHAR(9) NOT NULL
  ,Bankverbindung VARCHAR(30)
  ,Kurse          VARCHAR(17) NOT NULL
  ,Email          VARCHAR(30)
  ,Telefon        VARCHAR(30)
  ,Adresse        VARCHAR(30)
);

INSERT INTO Teilnehmer(Namen,Vorname,Bankverbindung,Kurse,Email,Telefon,Adresse) VALUES ('Battner','Eva',NULL,'Gesang',NULL,NULL,NULL);
INSERT INTO Teilnehmer(Namen,Vorname,Bankverbindung,Kurse,Email,Telefon,Adresse) VALUES ('Mitz','Martina',NULL,'Gesang',NULL,NULL,NULL);
INSERT INTO Teilnehmer(Namen,Vorname,Bankverbindung,Kurse,Email,Telefon,Adresse) VALUES ('Jäger','Dirk',NULL,'Gitarre',NULL,NULL,NULL);
INSERT INTO Teilnehmer(Namen,Vorname,Bankverbindung,Kurse,Email,Telefon,Adresse) VALUES ('Grifftith','Tom',NULL,'Schlagzeug',NULL,NULL,NULL);
INSERT INTO Teilnehmer(Namen,Vorname,Bankverbindung,Kurse,Email,Telefon,Adresse) VALUES ('Betz','Kevin',NULL,'Schlagzeug',NULL,NULL,NULL);
INSERT INTO Teilnehmer(Namen,Vorname,Bankverbindung,Kurse,Email,Telefon,Adresse) VALUES ('Gründgens','Ingrid',NULL,'Klavier, Keyboard',NULL,NULL,NULL);
INSERT INTO Teilnehmer(Namen,Vorname,Bankverbindung,Kurse,Email,Telefon,Adresse) VALUES ('Bach','Anke',NULL,'Gesang',NULL,NULL,NULL);
INSERT INTO Teilnehmer(Namen,Vorname,Bankverbindung,Kurse,Email,Telefon,Adresse) VALUES ('Eisenmann','Tim',NULL,'Bass',NULL,NULL,NULL);
INSERT INTO Teilnehmer(Namen,Vorname,Bankverbindung,Kurse,Email,Telefon,Adresse) VALUES ('Kelter','Marc',NULL,'Trompete',NULL,NULL,NULL);
INSERT INTO Teilnehmer(Namen,Vorname,Bankverbindung,Kurse,Email,Telefon,Adresse) VALUES ('Bachmann','Charlotte',NULL,'Gesang',NULL,NULL,NULL);
INSERT INTO Teilnehmer(Namen,Vorname,Bankverbindung,Kurse,Email,Telefon,Adresse) VALUES ('Ahmendt','Hannah',NULL,'Gitarre, Gesang',NULL,NULL,NULL);
INSERT INTO Teilnehmer(Namen,Vorname,Bankverbindung,Kurse,Email,Telefon,Adresse) VALUES ('Jacobs','Jana',NULL,'Gitarre',NULL,NULL,NULL);
INSERT INTO Teilnehmer(Namen,Vorname,Bankverbindung,Kurse,Email,Telefon,Adresse) VALUES ('Dotzler','Lukas',NULL,'Gesang',NULL,NULL,NULL);
INSERT INTO Teilnehmer(Namen,Vorname,Bankverbindung,Kurse,Email,Telefon,Adresse) VALUES ('Sterling','Lukas',NULL,'Gitarre',NULL,NULL,NULL);
INSERT INTO Teilnehmer(Namen,Vorname,Bankverbindung,Kurse,Email,Telefon,Adresse) VALUES ('Escher','Bernd',NULL,'Klavier',NULL,NULL,NULL);
INSERT INTO Teilnehmer(Namen,Vorname,Bankverbindung,Kurse,Email,Telefon,Adresse) VALUES ('Borchers','Tobias',NULL,'Klavier',NULL,NULL,NULL);
INSERT INTO Teilnehmer(Namen,Vorname,Bankverbindung,Kurse,Email,Telefon,Adresse) VALUES ('Zobel','Kai',NULL,'Keyboard',NULL,NULL,NULL);
INSERT INTO Teilnehmer(Namen,Vorname,Bankverbindung,Kurse,Email,Telefon,Adresse) VALUES ('Zimmermann','Sascha',NULL,'Saxophone',NULL,NULL,NULL);
INSERT INTO Teilnehmer(Namen,Vorname,Bankverbindung,Kurse,Email,Telefon,Adresse) VALUES ('Brödner','Vicky',NULL,'Schlagzeug',NULL,NULL,NULL);
INSERT INTO Teilnehmer(Namen,Vorname,Bankverbindung,Kurse,Email,Telefon,Adresse) VALUES ('Babbage','Marlene',NULL,'Gesang, Klavier',NULL,NULL,NULL);
INSERT INTO Teilnehmer(Namen,Vorname,Bankverbindung,Kurse,Email,Telefon,Adresse) VALUES ('Pollmann','Corinna',NULL,'Gesang',NULL,NULL,NULL);
INSERT INTO Teilnehmer(Namen,Vorname,Bankverbindung,Kurse,Email,Telefon,Adresse) VALUES ('Neumann','Susanne',NULL,'Gesang, Klavier',NULL,NULL,NULL);
INSERT INTO Teilnehmer(Namen,Vorname,Bankverbindung,Kurse,Email,Telefon,Adresse) VALUES ('Bukowski','Kim',NULL,'Trompete',NULL,NULL,NULL);
INSERT INTO Teilnehmer(Namen,Vorname,Bankverbindung,Kurse,Email,Telefon,Adresse) VALUES ('Schmidt','Erika',NULL,'Saxophone',NULL,NULL,NULL);
INSERT INTO Teilnehmer(Namen,Vorname,Bankverbindung,Kurse,Email,Telefon,Adresse) VALUES ('Müller','Andrea',NULL,'Ukulele',NULL,NULL,NULL);
INSERT INTO Teilnehmer(Namen,Vorname,Bankverbindung,Kurse,Email,Telefon,Adresse) VALUES ('Meier','Michael',NULL,'Schlagzeug',NULL,NULL,NULL);
INSERT INTO Teilnehmer(Namen,Vorname,Bankverbindung,Kurse,Email,Telefon,Adresse) VALUES ('Hendrichs','Christine',NULL,'Gesang',NULL,NULL,NULL);
