INSERT INTO dozenten(Namen,Gesang,Gitarre,Klavier,Keyboard,Bass,Geigen,Trompete,Saxophone,Querfloete,Klarinette,Ukulele,Band,Schlagzeug,Stundensatz_in_EURO,Bankverbindung) VALUES 
('Oliver',NULL,'ok',NULL,NULL,'ok',NULL,NULL,NULL,NULL,NULL,'ok','ok',NULL,30,NULL),
('Lea',NULL,NULL,NULL,NULL,NULL,NULL,NULL,NULL,'OK','OK',NULL,NULL,NULL,27,NULL),
('Steve','ok',NULL,NULL,NULL,NULL,NULL,NULL,NULL,NULL,NULL,NULL,NULL,NULL,18,NULL),
('Fidel','OK',NULL,'OK','OK',NULL,NULL,NULL,NULL,NULL,NULL,NULL,'ok',NULL,50,NULL),
('Steffi','ok',NULL,NULL,NULL,NULL,NULL,NULL,NULL,NULL,NULL,NULL,NULL,NULL,30,NULL),
('Lukas',NULL,NULL,NULL,NULL,NULL,NULL,NULL,NULL,NULL,NULL,NULL,NULL,'ok',25,NULL),
('Dirk',NULL,'ok',NULL,NULL,'ok',NULL,NULL,NULL,NULL,NULL,NULL,NULL,NULL,25,NULL),
('Gunnar',NULL,NULL,NULL,NULL,NULL,NULL,NULL,'ok',NULL,NULL,NULL,NULL,NULL,30,NULL),
('Mara',NULL,NULL,'ok',NULL,NULL,NULL,NULL,NULL,NULL,NULL,NULL,NULL,NULL,25,NULL),
('Marc',NULL,NULL,NULL,NULL,NULL,NULL,NULL,'ok',NULL,NULL,NULL,NULL,NULL,28,NULL),
('Max',NULL,NULL,NULL,NULL,NULL,'ok',NULL,NULL,NULL,NULL,NULL,NULL,NULL,35,NULL),
('Maren',NULL,NULL,NULL,NULL,NULL,'ok',NULL,NULL,NULL,NULL,NULL,NULL,NULL,30,NULL),
('Hans',NULL,NULL,NULL,NULL,'ok',NULL,NULL,NULL,NULL,NULL,NULL,NULL,NULL,27,NULL),
('Ralf',NULL,'ok',NULL,NULL,'ok',NULL,NULL,NULL,NULL,NULL,'ok',NULL,NULL,30,NULL),
('Guido',NULL,NULL,NULL,NULL,NULL,NULL,'ok',NULL,NULL,NULL,NULL,NULL,NULL,35,NULL),
('Bärbel',NULL,NULL,'ok','ok',NULL,NULL,NULL,NULL,NULL,NULL,NULL,NULL,NULL,30,NULL),
('Harald',NULL,NULL,NULL,NULL,NULL,NULL,NULL,NULL,'ok','ok',NULL,NULL,NULL,35,NULL),
('Julius',NULL,NULL,NULL,NULL,NULL,NULL,'ok',NULL,NULL,NULL,NULL,NULL,NULL,30,NULL),
('Eva','OK',NULL,'OK',NULL,NULL,NULL,NULL,NULL,NULL,NULL,NULL,NULL,NULL,28,NULL);
INSERT INTO ls_ready4stage_belegung_raum_1(Raum_1,Montag,Dienstag,Mittwoch,Donnerstag,Freitag) VALUES 
('10:00','Fidel, Anja, Gesang',NULL,NULL,NULL,NULL),
('10:30','Fidel, Anke, Gesang',NULL,NULL,NULL,NULL),
('11:00',NULL,NULL,NULL,NULL,NULL),
('11:30','Fidel, Marlene, Gesang',NULL,NULL,NULL,NULL),
('12:00',NULL,NULL,NULL,NULL,NULL),
('12:30',NULL,NULL,NULL,NULL,NULL),
('13:00','Fidel, Susanne, Gesang','Fidel, Charlotte, Gesang',NULL,NULL,NULL),
('13:30',NULL,NULL,NULL,NULL,NULL),
('14:00','Lea, Klarinette, Maike',NULL,NULL,NULL,NULL),
('14:30',NULL,NULL,NULL,NULL,NULL),
('15:00',NULL,NULL,NULL,NULL,NULL),
('15:30',NULL,NULL,NULL,NULL,NULL),
('16:00','Fidel, Anja.H, Gesang',NULL,NULL,NULL,NULL),
('16:30',NULL,NULL,NULL,NULL,NULL),
('17:00',NULL,NULL,NULL,NULL,NULL),
('17:30',NULL,NULL,NULL,NULL,NULL),
('18:00',NULL,NULL,NULL,NULL,NULL),
('18:30',NULL,NULL,NULL,NULL,NULL),
('19:00',NULL,NULL,NULL,NULL,NULL),
('19:30',NULL,NULL,NULL,NULL,NULL),
('20:00',NULL,NULL,NULL,NULL,NULL),
('20:30',NULL,NULL,NULL,NULL,NULL),
('21:00',NULL,NULL,NULL,NULL,NULL);
INSERT INTO ls_ready4stage_belegung_raum_2(Raum_2,Montag,Dienstag,Mittwoch,Donnerstag,Freitag) VALUES 
('10:00','Fidel, Anja, Gesang',NULL,NULL,NULL,NULL),
('10:30','Fidel, Anke, Gesang',NULL,NULL,NULL,NULL),
('11:00',NULL,NULL,NULL,NULL,NULL),
('11:30','Fidel, Marlene, Gesang','Oliver, Lukas, Gitarre','Oliver, Ukulele, Andrea',NULL,NULL),
('12:00',NULL,'Oliver, Hannah, Gitarre',NULL,NULL,NULL),
('12:30',NULL,NULL,NULL,NULL,NULL),
('13:00','Fidel, Susanne, Gesang','Fidel, Charlotte, Gesang',NULL,NULL,NULL),
('13:30',NULL,NULL,NULL,NULL,NULL),
('14:00','Lea, Klarinette, Maike',NULL,NULL,NULL,NULL),
('14:30',NULL,NULL,NULL,NULL,NULL),
('15:00',NULL,NULL,NULL,NULL,NULL),
('15:30',NULL,NULL,NULL,NULL,NULL),
('16:00','Fidel, Anja.H, Gesang',NULL,NULL,NULL,NULL),
('16:30',NULL,NULL,NULL,NULL,NULL),
('17:00',NULL,NULL,NULL,NULL,NULL),
('17:30',NULL,NULL,NULL,NULL,NULL),
('18:00',NULL,NULL,NULL,NULL,NULL),
('18:30',NULL,NULL,NULL,NULL,NULL),
('19:00',NULL,NULL,NULL,NULL,NULL),
('19:30',NULL,NULL,NULL,NULL,NULL),
('20:00',NULL,NULL,NULL,NULL,NULL),
('20:30',NULL,NULL,NULL,NULL,NULL),
('21:00',NULL,NULL,NULL,NULL,NULL);
INSERT INTO raumplan(Raum_Nr,Gesang,Gitarre,Klavier,Keyboard,Bass,Geigen,Trompete,Saxophone,Querfloete,Klarinette,Ukulele,Band,Schlagzeug) VALUES 
('Raum 1','OK','OK',NULL,NULL,'OK','OK','OK','OK','OK','OK','OK',NULL,NULL),
('Raum 2','OK','OK',NULL,NULL,'OK','OK','OK','OK','OK','OK','OK',NULL,'OK'),
('Raum 3','OK','OK',NULL,NULL,'OK','OK','OK','OK','OK','OK','OK',NULL,NULL),
('Raum 4','OK','OK',NULL,'OK','OK','OK','OK','OK','OK','OK','OK',NULL,NULL),
('Raum 5','OK','OK',NULL,'OK','OK','OK','OK','OK','OK','OK','OK',NULL,NULL),
('Raum 6','OK','OK',NULL,NULL,'OK','OK','OK','OK','OK','OK','OK',NULL,NULL),
('Raum 7','OK','OK',NULL,NULL,'OK','OK','OK','OK','OK','OK','OK',NULL,NULL),
('Raum 8','OK','OK','OK','OK','OK','OK','OK','OK','OK','OK','OK',NULL,NULL),
('Raum 9','OK','OK','OK',NULL,'OK','OK','OK','OK','OK','OK','OK',NULL,NULL),
('Raum 10','OK','OK',NULL,NULL,'OK','OK','OK','OK','OK','OK','OK',NULL,'OK'),
('Raum 11','OK','OK',NULL,NULL,'OK','OK','OK','OK','OK','OK','OK',NULL,NULL),
('Raum 12','OK','OK',NULL,NULL,'OK','OK','OK','OK','OK','OK','OK',NULL,NULL),
('Raum 13','OK','OK',NULL,NULL,'OK','OK','OK','OK','OK','OK','OK',NULL,NULL),
('Raum 14','OK','OK',NULL,NULL,'OK','OK','OK','OK','OK','OK','OK',NULL,NULL),
('Raum 15','OK','OK','OK','OK','OK','OK','OK','OK','OK','OK','OK','OK',NULL),
('Studio',NULL,NULL,NULL,NULL,NULL,NULL,NULL,NULL,NULL,NULL,NULL,NULL,NULL);
INSERT INTO teilnehmer(Namen,Vorname,Bankverbindung,Kurse,Email,Telefon,Adresse) VALUES 
('Battner','Eva',NULL,'Gesang',NULL,NULL,NULL),
('Mitz','Martina',NULL,'Gesang',NULL,NULL,NULL),
('Jäger','Dirk',NULL,'Gitarre',NULL,NULL,NULL),
('Grifftith','Tom',NULL,'Schlagzeug',NULL,NULL,NULL),
('Betz','Kevin',NULL,'Schlagzeug',NULL,NULL,NULL),
('Gründgens','Ingrid',NULL,'Klavier, Keyboard',NULL,NULL,NULL),
('Bach','Anke',NULL,'Gesang',NULL,NULL,NULL),
('Eisenmann','Tim',NULL,'Bass',NULL,NULL,NULL),
('Kelter','Marc',NULL,'Trompete',NULL,NULL,NULL),
('Bachmann','Charlotte',NULL,'Gesang',NULL,NULL,NULL),
('Ahmendt','Hannah',NULL,'Gitarre, Gesang',NULL,NULL,NULL),
('Jacobs','Jana',NULL,'Gitarre',NULL,NULL,NULL),
('Dotzler','Lukas',NULL,'Gesang',NULL,NULL,NULL),
('Sterling','Lukas',NULL,'Gitarre',NULL,NULL,NULL),
('Escher','Bernd',NULL,'Klavier',NULL,NULL,NULL),
('Borchers','Tobias',NULL,'Klavier',NULL,NULL,NULL),
('Zobel','Kai',NULL,'Keyboard',NULL,NULL,NULL),
('Zimmermann','Sascha',NULL,'Saxophone',NULL,NULL,NULL),
('Brödner','Vicky',NULL,'Schlagzeug',NULL,NULL,NULL),
('Babbage','Marlene',NULL,'Gesang, Klavier',NULL,NULL,NULL),
('Pollmann','Corinna',NULL,'Gesang',NULL,NULL,NULL),
('Neumann','Susanne',NULL,'Gesang, Klavier',NULL,NULL,NULL),
('Bukowski','Kim',NULL,'Trompete',NULL,NULL,NULL),
('Schmidt','Erika',NULL,'Saxophone',NULL,NULL,NULL),
('Müller','Andrea',NULL,'Ukulele',NULL,NULL,NULL),
('Meier','Michael',NULL,'Schlagzeug',NULL,NULL,NULL),
('Hendrichs','Christine',NULL,'Gesang',NULL,NULL,NULL);